[
  {
    "IDOrdenPreparacion": "OP001",
    "IdCliente": "C001",
    "DescripcionCliente": "CocaCola",
    "Productos": [
      {
        "IDProducto": "P001",
        "DescripcionProducto": "Producto 1",
        "Cantidad": 5,
        "Ubicacion": "A1"
      },
      {
        "IDProducto": "P002",
        "DescripcionProducto": "Producto 2",
        "Cantidad": 2,
        "Ubicacion": "B1"
      }
    ],
    "FechaOrdenRecepcion": "2024-06-09T00:00:00",
    "Estado": "Preparada",
    "Prioridad": "Alta"
  },
  {
    "IDOrdenPreparacion": "OP002",
    "IdCliente": "C002",
    "DescripcionCliente": "Pepsi",
    "Productos": [
      {
        "IDProducto": "P003",
        "DescripcionProducto": "Producto 3",
        "Cantidad": 1,
        "Ubicacion": "A2"
      },
      {
        "IDProducto": "P004",
        "DescripcionProducto": "Producto 4",
        "Cantidad": 4,
        "Ubicacion": "B2"
      }
    ],
    "FechaOrdenRecepcion": "2024-06-08T00:00:00",
    "Estado": "Preparada",
    "Prioridad": "Media"
  },
  {
    "IDOrdenPreparacion": "OP003",
    "IdCliente": "C003",
    "DescripcionCliente": "Subway",
    "Productos": [
      {
        "IDProducto": "P005",
        "DescripcionProducto": "Producto 5",
        "Cantidad": 3,
        "Ubicacion": "A3"
      },
      {
        "IDProducto": "P006",
        "DescripcionProducto": "Producto 6",
        "Cantidad": 6,
        "Ubicacion": "B3"
      }
    ],
    "FechaOrdenRecepcion": "2024-06-07T00:00:00",
    "Estado": "Preparada",
    "Prioridad": "Baja"
  },
  {
    "IDOrdenPreparacion": "OP004",
    "IdCliente": "C004",
    "DescripcionCliente": "Burguer",
    "Productos": [
      {
        "IDProducto": "P007",
        "DescripcionProducto": "Producto 7",
        "Cantidad": 7,
        "Ubicacion": "A4"
      },
      {
        "IDProducto": "P008",
        "DescripcionProducto": "Producto 8",
        "Cantidad": 8,
        "Ubicacion": "B4"
      }
    ],
    "FechaOrdenRecepcion": "2024-06-06T00:00:00",
    "Estado": "Preparada",
    "Prioridad": "Alta"
  },
  {
    "IDOrdenPreparacion": "OP005",
    "IdCliente": "C005",
    "DescripcionCliente": "Starbucks",
    "Productos": [
      {
        "IDProducto": "P009",
        "DescripcionProducto": "Producto 9",
        "Cantidad": 9,
        "Ubicacion": "A5"
      },
      {
        "IDProducto": "P010",
        "DescripcionProducto": "Producto 10",
        "Cantidad": 10,
        "Ubicacion": "B5"
      }
    ],
    "FechaOrdenRecepcion": "2024-06-05T00:00:00",
    "Estado": "Preparada",
    "Prioridad": "Media"
  },
  {
    "IDOrdenPreparacion": "OP006",
    "IdCliente": "C006",
    "DescripcionCliente": "Wendys",
    "Productos": [
      {
        "IDProducto": "P011",
        "DescripcionProducto": "Producto 11",
        "Cantidad": 11,
        "Ubicacion": "A6"
      },
      {
        "IDProducto": "P012",
        "DescripcionProducto": "Producto 12",
        "Cantidad": 12,
        "Ubicacion": "B6"
      }
    ],
    "FechaOrdenRecepcion": "2024-06-04T00:00:00",
    "Estado": "Preparada",
    "Prioridad": "Baja"
  },
  {
    "IDOrdenPreparacion": "OP007",
    "IdCliente": "C007",
    "DescripcionCliente": "Kansas",
    "Productos": [
      {
        "IDProducto": "P013",
        "DescripcionProducto": "Producto 13",
        "Cantidad": 13,
        "Ubicacion": "A7"
      },
      {
        "IDProducto": "P014",
        "DescripcionProducto": "Producto 14",
        "Cantidad": 14,
        "Ubicacion": "B7"
      }
    ],
    "FechaOrdenRecepcion": "2024-06-03T00:00:00",
    "Estado": "Preparada",
    "Prioridad": "Alta"
  },
  {
    "IDOrdenPreparacion": "OP008",
    "IdCliente": "C008",
    "DescripcionCliente": "Pepino",
    "Productos": [
      {
        "IDProducto": "P015",
        "DescripcionProducto": "Producto 15",
        "Cantidad": 15,
        "Ubicacion": "A8"
      },
      {
        "IDProducto": "P016",
        "DescripcionProducto": "Producto 16",
        "Cantidad": 16,
        "Ubicacion": "B8"
      }
    ],
    "FechaOrdenRecepcion": "2024-06-02T00:00:00",
    "Estado": "Preparada",
    "Prioridad": "Media"
  },
  {
    "IDOrdenPreparacion": "OP009",
    "IdCliente": "C009",
    "DescripcionCliente": "Sprite",
    "Productos": [
      {
        "IDProducto": "P017",
        "DescripcionProducto": "Producto 17",
        "Cantidad": 17,
        "Ubicacion": "A9"
      },
      {
        "IDProducto": "P018",
        "DescripcionProducto": "Producto 18",
        "Cantidad": 18,
        "Ubicacion": "B9"
      }
    ],
    "FechaOrdenRecepcion": "2024-06-01T00:00:00",
    "Estado": "Preparada",
    "Prioridad": "Baja"
  },
  {
    "IDOrdenPreparacion": "OP010",
    "IdCliente": "C010",
    "DescripcionCliente": "Tucson",
    "Productos": [
      {
        "IDProducto": "P019",
        "DescripcionProducto": "Producto 19",
        "Cantidad": 19,
        "Ubicacion": "A10"
      },
      {
        "IDProducto": "P020",
        "DescripcionProducto": "Producto 20",
        "Cantidad": 20,
        "Ubicacion": "B10"
      }
    ],
    "FechaOrdenRecepcion": "2024-05-31T00:00:00",
    "Estado": "Seleccionada",
    "Prioridad": "Alta"
  },
  {
    "IDOrdenPreparacion": "OP011",
    "IdCliente": "C010",
    "DescripcionCliente": "Tucson",
    "Productos": [
      {
        "IDProducto": "P019",
        "DescripcionProducto": "Producto 19",
        "Cantidad": 19,
        "Ubicacion": "A10"
      },
      {
        "IDProducto": "P020",
        "DescripcionProducto": "Producto 20",
        "Cantidad": 20,
        "Ubicacion": "B10"
      }
    ],
    "FechaOrdenRecepcion": "2024-05-31T00:00:00",
    "Estado": "Seleccionada",
    "Prioridad": "Alta"
  },
  {
    "IDOrdenPreparacion": "OP012",
    "IdCliente": "C010",
    "DescripcionCliente": "Tucson",
    "Productos": [
      {
        "IDProducto": "P019",
        "DescripcionProducto": "Producto 19",
        "Cantidad": 19,
        "Ubicacion": "A10"
      },
      {
        "IDProducto": "P020",
        "DescripcionProducto": "Producto 20",
        "Cantidad": 20,
        "Ubicacion": "B10"
      }
    ],
    "FechaOrdenRecepcion": "2024-05-31T00:00:00",
    "Estado": "Seleccionada",
    "Prioridad": "Alta"
  },
  {
    "IDOrdenPreparacion": "OP013",
    "IdCliente": "C001",
    "DescripcionCliente":  "CocaCola", 
    "Productos": [
      {
        "IDProducto": "P019",
        "DescripcionProducto": "Producto 19",
        "Cantidad": 19,
        "Ubicacion": "A10"
      },
      {
        "IDProducto": "P020",
        "DescripcionProducto": "Producto 20",
        "Cantidad": 20,
        "Ubicacion": "B10"
      }
    ],
    "FechaOrdenRecepcion": "2024-05-31T00:00:00",
    "Estado": "Seleccionada",
    "Prioridad": "Alta"
  }
]