[
  {
    "IDOrdenPreparacion": "OP-0001",
    "IdCliente": "CC-0001",
    "DescripcionCliente": "Verano Calzado S.A.",
    "Productos": [
      {
        "IdProducto": "PP-0001",
        "Cantidad": 11
      },
      {
        "IdProducto": "PP-0002",
        "Cantidad": 21
      }
    ],
    "FechaOrdenRecepcion": "2023-06-01T00:00:00",
    "Estado": "Seleccionada",
    "Prioridad": "Alta"
  },
  {
    "IDOrdenPreparacion": "OP-0002",
    "IdCliente": "CC-0002",
    "DescripcionCliente": "Legumbres del Campo S.R.L.",
    "Productos": [
      {
        "IdProducto": "PP-0003",
        "Cantidad": 12
      },
      {
        "IdProducto": "PP-0004",
        "Cantidad": 22
      }
    ],
    "FechaOrdenRecepcion": "2023-06-02T00:00:00",
    "Estado": "Seleccionada",
    "Prioridad": "Media"
  },
  {
    "IDOrdenPreparacion": "OP-0003",
    "IdCliente": "CC-0003",
    "DescripcionCliente": "Higiene Total S.A.",
    "Productos": [
      {
        "IdProducto": "PP-0005",
        "Cantidad": 13
      },
      {
        "IdProducto": "PP-0006",
        "Cantidad": 23
      }
    ],
    "FechaOrdenRecepcion": "2023-06-03T00:00:00",
    "Estado": "Seleccionada",
    "Prioridad": "Baja"
  },
  {
    "IDOrdenPreparacion": "OP-0004",
    "IdCliente": "CC-0004",
    "DescripcionCliente": "Construcciones Seguras S.R.L.",
    "Productos": [
      {
        "IdProducto": "PP-0007",
        "Cantidad": 14
      },
      {
        "IdProducto": "PP-0008",
        "Cantidad": 24
      }
    ],
    "FechaOrdenRecepcion": "2023-06-04T00:00:00",
    "Estado": "Seleccionada",
    "Prioridad": "Alta"
  },
  {
    "IDOrdenPreparacion": "OP-0005",
    "IdCliente": "CC-0005",
    "DescripcionCliente": "Bebidas Carbonatadas Ltda.",
    "Productos": [
      {
        "IdProducto": "PP-0009",
        "Cantidad": 15
      },
      {
        "IdProducto": "PP-0010",
        "Cantidad": 25
      }
    ],
    "FechaOrdenRecepcion": "2023-06-05T00:00:00",
    "Estado": "Pendiente",
    "Prioridad": "Media"
  },
  {
    "IDOrdenPreparacion": "OP-0006",
    "IdCliente": "CC-0006",
    "DescripcionCliente": "Seguridad y Protección S.A.",
    "Productos": [
      {
        "IdProducto": "PP-0011",
        "Cantidad": 20
      },
      {
        "IdProducto": "PP-0012",
        "Cantidad": 14
      }
    ],
    "FechaOrdenRecepcion": "2023-06-05T00:00:00",
    "Estado": "Pendiente",
    "Prioridad": "Media"
  },
  {
    "IDOrdenPreparacion": "OP-0007",
    "IdCliente": "CC-0007",
    "DescripcionCliente": "Confort y Descanso S.R.L.",
    "Productos": [
      {
        "IdProducto": "PP-0036",
        "Cantidad": 20
      },
      {
        "IdProducto": "PP-0037",
        "Cantidad": 14
      }
    ],
    "FechaOrdenRecepcion": "2023-06-05T00:00:00",
    "Estado": "Pendiente",
    "Prioridad": "Baja"
  },
  {
    "IDOrdenPreparacion": "OP-0008",
    "IdCliente": "CC-0008",
    "DescripcionCliente": "Lácteos del Valle S.A.",
    "Productos": [
      {
        "IdProducto": "PP-0013",
        "Cantidad": 10
      },
      {
        "IdProducto": "PP-0014",
        "Cantidad": 5
      }
    ],
    "FechaOrdenRecepcion": "2023-06-06T00:00:00",
    "Estado": "Pendiente",
    "Prioridad": "Alta"
  },
  {
    "IDOrdenPreparacion": "OP-0009",
    "IdCliente": "CC-0009",
    "DescripcionCliente": "Materiales Construcción Ltda.",
    "Productos": [
      {
        "IdProducto": "PP-0015",
        "Cantidad": 25
      }
    ],
    "FechaOrdenRecepcion": "2023-06-07T00:00:00",
    "Estado": "Preparada",
    "Prioridad": "Media"
  },
  {
    "IDOrdenPreparacion": "OP-0010",
    "IdCliente": "CC-0010",
    "DescripcionCliente": "Ferretería y Herramientas S.R.L.",
    "Productos": [
      {
        "IdProducto": "PP-0016",
        "Cantidad": 30
      },
      {
        "IdProducto": "PP-0017",
        "Cantidad": 12
      }
    ],
    "FechaOrdenRecepcion": "2023-06-08T00:00:00",
    "Estado": "Preparada",
    "Prioridad": "Baja"
  },
  {
    "IDOrdenPreparacion": "OP-0011",
    "IdCliente": "CC-0011",
    "DescripcionCliente": "Papelería y Útiles S.A.",
    "Productos": [
      {
        "IdProducto": "PP-0018",
        "Cantidad": 18
      }
    ],
    "FechaOrdenRecepcion": "2023-06-09T00:00:00",
    "Estado": "Preparada",
    "Prioridad": "Alta"
  },
  {
    "IDOrdenPreparacion": "OP-0012",
    "IdCliente": "CC-0012",
    "DescripcionCliente": "Dulces y Confites S.R.L.",
    "Productos": [
      {
        "IdProducto": "PP-0019",
        "Cantidad": 22
      },
      {
        "IdProducto": "PP-0020",
        "Cantidad": 8
      }
    ],
    "FechaOrdenRecepcion": "2023-06-10T00:00:00",
    "Estado": "Despachada",
    "Prioridad": "Media"
  },
  {
    "IDOrdenPreparacion": "OP-0013",
    "IdCliente": "CC-0013",
    "DescripcionCliente": "Repostería del Hogar S.A.",
    "Productos": [
      {
        "IdProducto": "PP-0021",
        "Cantidad": 15
      }
    ],
    "FechaOrdenRecepcion": "2023-06-11T00:00:00",
    "Estado": "Preparada",
    "Prioridad": "Baja"
  },
  {
    "IDOrdenPreparacion": "OP-0014",
    "IdCliente": "CC-0014",
    "DescripcionCliente": "Chocolates del Mundo S.R.L.",
    "Productos": [
      {
        "IdProducto": "PP-0022",
        "Cantidad": 20
      },
      {
        "IdProducto": "PP-0023",
        "Cantidad": 9
      }
    ],
    "FechaOrdenRecepcion": "2023-06-12T00:00:00",
    "Estado": "EnSeleccion",
    "Prioridad": "Alta"
  },
  {
    "IDOrdenPreparacion": "OP-0015",
    "IdCliente": "CC-0015",
    "DescripcionCliente": "Alimentos Básicos S.A.",
    "Productos": [
      {
        "IdProducto": "PP-0024",
        "Cantidad": 17
      }
    ],
    "FechaOrdenRecepcion": "2023-06-13T00:00:00",
    "Estado": "Seleccionada",
    "Prioridad": "Media"
  },
  {
    "IDOrdenPreparacion": "OP-0016",
    "IdCliente": "CC-0016",
    "DescripcionCliente": "Pastas y Delicias S.R.L.",
    "Productos": [
      {
        "IdProducto": "PP-0025",
        "Cantidad": 26
      },
      {
        "IdProducto": "PP-0026",
        "Cantidad": 14
      }
    ],
    "FechaOrdenRecepcion": "2023-06-14T00:00:00",
    "Estado": "Preparada",
    "Prioridad": "Baja"
  },
  {
    "IDOrdenPreparacion": "OP-0017",
    "IdCliente": "CC-0017",
    "DescripcionCliente": "Aceites y Cocina S.A.",
    "Productos": [
      {
        "IdProducto": "PP-0027",
        "Cantidad": 12
      }
    ],
    "FechaOrdenRecepcion": "2023-06-15T00:00:00",
    "Estado": "Despachada",
    "Prioridad": "Alta"
  },
  {
    "IDOrdenPreparacion": "OP-0018",
    "IdCliente": "CC-0018",
    "DescripcionCliente": "Bebidas del Mundo Ltda.",
    "Productos": [
      {
        "IdProducto": "PP-0028",
        "Cantidad": 20
      },
      {
        "IdProducto": "PP-0029",
        "Cantidad": 11
      }
    ],
    "FechaOrdenRecepcion": "2023-06-16T00:00:00",
    "Estado": "Pendiente",
    "Prioridad": "Media"
  },
  {
    "IDOrdenPreparacion": "OP-0019",
    "IdCliente": "CC-0019",
    "DescripcionCliente": "Tés y Bebidas S.A.",
    "Productos": [
      {
        "IdProducto": "PP-0030",
        "Cantidad": 14
      }
    ],
    "FechaOrdenRecepcion": "2023-06-17T00:00:00",
    "Estado": "EnSeleccion",
    "Prioridad": "Baja"
  },
  {
    "IDOrdenPreparacion": "OP-0020",
    "IdCliente": "CC-0020",
    "DescripcionCliente": "Higiene Personal S.R.L.",
    "Productos": [
      {
        "IdProducto": "PP-0031",
        "Cantidad": 10
      },
      {
        "IdProducto": "PP-0032",
        "Cantidad": 8
      }
    ],
    "FechaOrdenRecepcion": "2023-06-18T00:00:00",
    "Estado": "Seleccionada",
    "Prioridad": "Alta"
  },
  {
    "IDOrdenPreparacion": "OP-0021",
    "IdCliente": "CC-0021",
    "DescripcionCliente": "Cuidado Dental S.A.",
    "Productos": [
      {
        "IdProducto": "PP-0033",
        "Cantidad": 15
      }
    ],
    "FechaOrdenRecepcion": "2023-06-19T00:00:00",
    "Estado": "Preparada",
    "Prioridad": "Media"
  },
  {
    "IDOrdenPreparacion": "OP-0022",
    "IdCliente": "CC-0022",
    "DescripcionCliente": "Cuidado Personal S.R.L.",
    "Productos": [
      {
        "IdProducto": "PP-0034",
        "Cantidad": 30
      },
      {
        "IdProducto": "PP-0035",
        "Cantidad": 20
      }
    ],
    "FechaOrdenRecepcion": "2023-06-20T00:00:00",
    "Estado": "Despachada",
    "Prioridad": "Baja"
  },
  {
    "IDOrdenPreparacion": "OP-0023",
    "IdCliente": "CC-0023",
    "DescripcionCliente": "Horminon S.R.L",
    "Productos": [
      {
        "IdProducto": "PP-0038",
        "Cantidad": 15
      },
      {
        "IdProducto": "PP-0039",
        "Cantidad": 10
      }
    ],
    "FechaOrdenRecepcion": "2023-06-20T00:00:00",
    "Estado": "Despachada",
    "Prioridad": "Baja"
  },
  {
    "IDOrdenPreparacion": "OP-0024",
    "IdCliente": "CC-0024",
    "DescripcionCliente": "Conos S.A.",
    "Productos": [
      {
        "IdProducto": "PP-0040",
        "Cantidad": 30
      }
    ],
    "FechaOrdenRecepcion": "2023-06-20T00:00:00",
    "Estado": "Despachada",
    "Prioridad": "Baja"
  },
  {
    "IDOrdenPreparacion": "OP-0025",
    "IdCliente": "CC-0025",
    "DescripcionCliente": "Terranova",
    "Productos": [
      {
        "IdProducto": "PP-0041",
        "Cantidad": 30
      },
      {
        "IdProducto": "PP-0042",
        "Cantidad": 20
      }
    ],
    "FechaOrdenRecepcion": "2023-06-20T00:00:00",
    "Estado": "Despachada",
    "Prioridad": "Baja"
  },
  {
    "IDOrdenPreparacion": "OP-0026",
    "IdCliente": "CC-0026",
    "DescripcionCliente": "Vaquita",
    "Productos": [
      {
        "IdProducto": "PP-0043",
        "Cantidad": 30
      }
    ],
    "FechaOrdenRecepcion": "2023-06-20T00:00:00",
    "Estado": "Despachada",
    "Prioridad": "Baja"
  }
]
