[
  {
    "IDOrdenEntrega": "OE-0001",
    "FechaCreacion": "2024-06-10T12:34:56",
    "IDsOrdenesPreparacion": [ "OP-0010", "OP-0023" ]
  },
  {
    "IDOrdenEntrega": "OE-0004",
    "FechaCreacion": "2024-06-10T12:34:56",
    "IDsOrdenesPreparacion": [ "OP-0001", "OP-0002" ]
  },
  {
    "IDOrdenEntrega": "OE-0005",
    "FechaCreacion": "2024-06-10T12:34:56",
    "IDsOrdenesPreparacion": [ "OP-0003", "OP-0004" ]
  },
  {
    "IDOrdenEntrega": "OE-0006",
    "FechaCreacion": "2024-06-10T12:34:56",
    "IDsOrdenesPreparacion": [ "OP-0005", "OP-0006" ]
  },
  {
    "IDOrdenEntrega": "OE-00010",
    "FechaCreacion": "2024-06-10T12:34:56",
    "IDsOrdenesPreparacion": [ "OP-0007", "OP-0008" ]
  },
  {
    "IDOrdenEntrega": "OE-00010",
    "FechaCreacion": "2024-06-10T12:34:56",
    "IDsOrdenesPreparacion": [ "OP-0009", "OP-0010" ]
  },
  {
    "IDOrdenEntrega": "OE-00010",
    "FechaCreacion": "2024-06-10T12:34:56",
    "IDsOrdenesPreparacion": [ "OP-0011", "OP-0012" ]
  }
]