[
  {
    "IDOrdenPreparacion": "OP-0001",
    "IdCliente": "CC-0001",
    "DescripcionCliente": "Descripción del Cliente 1",
    "Productos": [
      {
        "IdProducto": "PP-0001",
        "Cantidad": 11
      },
      {
        "IdProducto": "PP-0002",
        "Cantidad": 21
      }
    ],
    "FechaOrdenRecepcion": "2023-06-01T00:00:00",
    "Estado": "Seleccionada",
    "Prioridad": "Alta"
  },
  {
    "IDOrdenPreparacion": "OP-0002",
    "IdCliente": "CC-0002",
    "DescripcionCliente": "Descripción del Cliente 2",
    "Productos": [
      {
        "IdProducto": "PP-0003",
        "Cantidad": 12
      },
      {
        "IdProducto": "PP-0004",
        "Cantidad": 22
      }
    ],
    "FechaOrdenRecepcion": "2023-06-02T00:00:00",
    "Estado": "Seleccionada",
    "Prioridad": "Media"
  },
  {
    "IDOrdenPreparacion": "OP-0003",
    "IdCliente": "CC-0003",
    "DescripcionCliente": "Descripción del Cliente 3",
    "Productos": [
      {
        "IdProducto": "PP-0005",
        "Cantidad": 13
      },
      {
        "IdProducto": "PP-0006",
        "Cantidad": 23
      }
    ],
    "FechaOrdenRecepcion": "2023-06-03T00:00:00",
    "Estado": "Seleccionada",
    "Prioridad": "Baja"
  },
  {
    "IDOrdenPreparacion": "OP-0004",
    "IdCliente": "CC-0004",
    "DescripcionCliente": "Descripción del Cliente 4",
    "Productos": [
      {
        "IdProducto": "PP-0007",
        "Cantidad": 14
      },
      {
        "IdProducto": "PP-0008",
        "Cantidad": 24
      }
    ],
    "FechaOrdenRecepcion": "2023-06-04T00:00:00",
    "Estado": "Seleccionada",
    "Prioridad": "Alta"
  },
  {
    "IDOrdenPreparacion": "OP-0005",
    "IdCliente": "CC-0005",
    "DescripcionCliente": "Descripción del Cliente 5",
    "Productos": [
      {
        "IdProducto": "PP-0009",
        "Cantidad": 15
      },
      {
        "IdProducto": "PP-0010",
        "Cantidad": 25
      }
    ],
    "FechaOrdenRecepcion": "2023-06-05T00:00:00",
    "Estado": "Pendiente",
    "Prioridad": "Media"
  },
  {
    "IDOrdenPreparacion": "OP-0006",
    "IdCliente": "CC-0006",
    "DescripcionCliente": "Descripción del Cliente 6",
    "Productos": [
      {
        "IdProducto": "PP-0011",
        "Cantidad": 20
      },
      {
        "IdProducto": "PP-0012",
        "Cantidad": 14
      }
    ],
    "FechaOrdenRecepcion": "2023-06-05T00:00:00",
    "Estado": "Pendiente",
    "Prioridad": "Media"
  },
  {
    "IDOrdenPreparacion": "OP-0007",
    "IdCliente": "CC-0007",
    "DescripcionCliente": "Descripción del Cliente 7",
    "Productos": [
      {
        "IdProducto": "PP-0013",
        "Cantidad": 20
      },
      {
        "IdProducto": "PP-0014",
        "Cantidad": 14
      }
    ],
    "FechaOrdenRecepcion": "2023-06-05T00:00:00",
    "Estado": "Pendiente",
    "Prioridad": "Baja"
  },
  {
    "IDOrdenPreparacion": "OP-0009",
    "IdCliente": "CC-0007",
    "DescripcionCliente": "Descripción del Cliente 7",
    "Productos": [
      {
        "IdProducto": "PP-0013",
        "Cantidad": 20
      },
      {
        "IdProducto": "PP-0014",
        "Cantidad": 14
      }
    ],
    "FechaOrdenRecepcion": "2023-06-05T00:00:00",
    "Estado": "Preparada",
    "Prioridad": "Baja"
  },
  {
    "IDOrdenPreparacion": "OP-0010",
    "IdCliente": "CC-0007",
    "DescripcionCliente": "Descripción del Cliente 7",
    "Productos": [
      {
        "IdProducto": "PP-0013",
        "Cantidad": 20
      },
      {
        "IdProducto": "PP-0014",
        "Cantidad": 14
      }
    ],
    "FechaOrdenRecepcion": "2023-06-05T00:00:00",
    "Estado": "Preparada",
    "Prioridad": "Baja"
  },
  {
    "IDOrdenPreparacion": "OP-0011",
    "IdCliente": "CC-0007",
    "DescripcionCliente": "Descripción del Cliente 7",
    "Productos": [
      {
        "IdProducto": "PP-0013",
        "Cantidad": 20
      },
      {
        "IdProducto": "PP-0014",
        "Cantidad": 14
      }
    ],
    "FechaOrdenRecepcion": "2023-06-05T00:00:00",
    "Estado": "Preparada",
    "Prioridad": "Baja"
  },
  {
    "IDOrdenPreparacion": "OP-0012",
    "IdCliente": "CC-0007",
    "DescripcionCliente": "Descripción del Cliente 7",
    "Productos": [
      {
        "IdProducto": "PP-0013",
        "Cantidad": 20
      },
      {
        "IdProducto": "PP-0014",
        "Cantidad": 14
      }
    ],
    "FechaOrdenRecepcion": "2023-06-05T00:00:00",
    "Estado": "Preparada",
    "Prioridad": "Baja"
  }
]