[
  {
    "IDProducto": "PP-0001",
    "IdCliente": "CC-0001",
    "DescripcionProducto": "Descripción del Producto 1",
    "Cantidad": 101,
    "Ubicaciones": [
      {
        "Ubicacion": "1-1-1",
        "Cantidad": 50
      },
      {
        "Ubicacion": "1-1-2",
        "Cantidad": 51
      }
    ]
  },
  {
    "IDProducto": "PP-0002",
    "IdCliente": "CC-0002",
    "DescripcionProducto": "Descripción del Producto 2",
    "Cantidad": 102,
    "Ubicaciones": [
      {
        "Ubicacion": "1-2-1",
        "Cantidad": 51
      },
      {
        "Ubicacion": "1-2-2",
        "Cantidad": 51
      }
    ]
  },
  {
    "IDProducto": "PP-0003",
    "IdCliente": "CC-0003",
    "DescripcionProducto": "Descripción del Producto 3",
    "Cantidad": 103,
    "Ubicaciones": [
      {
        "Ubicacion": "1-3-1",
        "Cantidad": 51
      },
      {
        "Ubicacion": "1-3-2",
        "Cantidad": 52
      }
    ]
  },
  {
    "IDProducto": "PP-0004",
    "IdCliente": "CC-0004",
    "DescripcionProducto": "Descripción del Producto 4",
    "Cantidad": 104,
    "Ubicaciones": [
      {
        "Ubicacion": "1-4-1",
        "Cantidad": 52
      },
      {
        "Ubicacion": "1-4-2",
        "Cantidad": 52
      }
    ]
  },
  {
    "IDProducto": "PP-0005",
    "IdCliente": "CC-0005",
    "DescripcionProducto": "Descripción del Producto 5",
    "Cantidad": 105,
    "Ubicaciones": [
      {
        "Ubicacion": "1-5-1",
        "Cantidad": 52
      },
      {
        "Ubicacion": "1-5-2",
        "Cantidad": 53
      }
    ]
  },
  {
    "IDProducto": "PP-0006",
    "IdCliente": "CC-0006",
    "DescripcionProducto": "Descripción del Producto 6",
    "Cantidad": 106,
    "Ubicaciones": [
      {
        "Ubicacion": "1-6-1",
        "Cantidad": 53
      },
      {
        "Ubicacion": "1-6-2",
        "Cantidad": 53
      }
    ]
  },
  {
    "IDProducto": "PP-0007",
    "IdCliente": "CC-0007",
    "DescripcionProducto": "Descripción del Producto 7",
    "Cantidad": 107,
    "Ubicaciones": [
      {
        "Ubicacion": "1-7-1",
        "Cantidad": 53
      },
      {
        "Ubicacion": "1-7-2",
        "Cantidad": 54
      }
    ]
  },
  {
    "IDProducto": "PP-0008",
    "IdCliente": "CC-0008",
    "DescripcionProducto": "Descripción del Producto 8",
    "Cantidad": 108,
    "Ubicaciones": [
      {
        "Ubicacion": "1-8-1",
        "Cantidad": 54
      },
      {
        "Ubicacion": "1-8-2",
        "Cantidad": 54
      }
    ]
  },
  {
    "IDProducto": "PP-0009",
    "IdCliente": "CC-0009",
    "DescripcionProducto": "Descripción del Producto 9",
    "Cantidad": 109,
    "Ubicaciones": [
      {
        "Ubicacion": "1-9-1",
        "Cantidad": 54
      },
      {
        "Ubicacion": "1-9-2",
        "Cantidad": 55
      }
    ]
  },
  {
    "IDProducto": "PP-0010",
    "IdCliente": "CC-0010",
    "DescripcionProducto": "Descripción del Producto 10",
    "Cantidad": 110,
    "Ubicaciones": [
      {
        "Ubicacion": "1-10-1",
        "Cantidad": 55
      },
      {
        "Ubicacion": "1-10-2",
        "Cantidad": 55
      }
    ]
  },
  {
    "IDProducto": "PP-0011",
    "IdCliente": "CC-0011",
    "DescripcionProducto": "Descripción del Producto 11",
    "Cantidad": 200,
    "Ubicaciones": [
      {
        "Ubicacion": "1-11-1",
        "Cantidad": 100
      },
      {
        "Ubicacion": "1-11-2",
        "Cantidad": 100
      }
    ]
  },
  {
    "IDProducto": "PP-0012",
    "IdCliente": "CC-0012",
    "DescripcionProducto": "Descripción del Producto 12",
    "Cantidad": 150,
    "Ubicaciones": [
      {
        "Ubicacion": "1-12-1",
        "Cantidad": 75
      },
      {
        "Ubicacion": "1-12-2",
        "Cantidad": 75
      }
    ]
  },
  {
    "IDProducto": "PP-0013",
    "IdCliente": "CC-0013",
    "DescripcionProducto": "Descripción del Producto 13",
    "Cantidad": 60,
    "Ubicaciones": [
      {
        "Ubicacion": "1-13-1",
        "Cantidad": 20
      },
      {
        "Ubicacion": "1-13-2",
        "Cantidad": 40
      }
    ]
  },
  {
    "IDProducto": "PP-0014",
    "IdCliente": "CC-0014",
    "DescripcionProducto": "Descripción del Producto 14",
    "Cantidad": 110,
    "Ubicaciones": [
      {
        "Ubicacion": "1-14-1",
        "Cantidad": 40
      },
      {
        "Ubicacion": "1-14-2",
        "Cantidad": 70
      }
    ]
  }
]