[
  {
    "IDOrdenEntrega": "OE-0001",
    "FechaCreacion": "2024-06-10T12:34:56",
    "IDsOrdenesPreparacion": [ "OP-0010", "OP-0023" ],
    "FechaOrdenRecepcion": "2024-06-10T12:34:56",
    "Estado": "Seleccionada",
    "Prioridad": "Alta"
  },
  {
    "IDOrdenEntrega": "OE-0004",
    "FechaCreacion": "2024-06-10T12:34:56",
    "IDsOrdenesPreparacion": [ "OP-0101", "OP-0123" ],
    "FechaOrdenRecepcion": "2024-06-10T12:34:56",
    "Estado": "Seleccionada",
    "Prioridad": "Alta"
  },
  {
    "IDOrdenEntrega": "OE-0005",
    "FechaCreacion": "2024-06-10T12:34:56",
    "IDsOrdenesPreparacion": [ "OP-0145", "OP-0167" ],
    "FechaOrdenRecepcion": "2024-06-10T12:34:56",
    "Estado": "Seleccionada",
    "Prioridad": "Alta"
  },
  {
    "IDOrdenEntrega": "OE-0006",
    "FechaCreacion": "2024-06-10T12:34:56",
    "IDsOrdenesPreparacion": [ "OP-0189", "OP-0202" ],
    "FechaOrdenRecepcion": "2024-06-10T12:34:56",
    "Estado": "Seleccionada",
    "Prioridad": "Alta"
  },
  {
    "IDOrdenEntrega": "OE-00010",
    "FechaCreacion": "2024-06-10T12:34:56",
    "IDsOrdenesPreparacion": [ "OP-0101", "OP-0123" ],
    "FechaOrdenRecepcion": "2024-06-10T12:34:56",
    "Estado": "Seleccionada",
    "Prioridad": "Alta"
  },
  {
    "IDOrdenEntrega": "OE-0009",
    "FechaCreacion": "2024-06-10T12:34:56",
    "IDsOrdenesPreparacion": [ "OP-0145", "OP-0167" ],
    "FechaOrdenRecepcion": "2024-06-10T12:34:56",
    "Estado": "Seleccionada",
    "Prioridad": "Alta"
  },
  {
    "IDOrdenEntrega": "OE-0008",
    "FechaCreacion": "2024-06-10T12:34:56",
    "IDsOrdenesPreparacion": [ "OP-0189", "OP-0202" ],
    "FechaOrdenRecepcion": "2024-06-10T12:34:56",
    "Estado": "Seleccionada",
    "Prioridad": "Alta"
  }
]