[
  {
    "IDOrdenPreparacion": "OP-0001",
    "IdCliente": "Cliente-1",
    "DescripcionCliente": "Descripción del Cliente 1",
    "Productos": [
      {
        "IdProducto": "Prod-1",
        "Cantidad": 11
      },
      {
        "IdProducto": "Prod-2",
        "Cantidad": 21
      }
    ],
    "FechaOrdenRecepcion": "2023-06-01T00:00:00",
    "Estado": "Pendiente",
    "Prioridad": "Alta"
  },
  {
    "IDOrdenPreparacion": "OP-0002",
    "IdCliente": "Cliente-1",
    "DescripcionCliente": "Descripción del Cliente 1",
    "Productos": [
      {
        "IdProducto": "Prod-1",
        "Cantidad": 11
      },
      {
        "IdProducto": "Prod-2",
        "Cantidad": 21
      }
    ],
    "FechaOrdenRecepcion": "2023-06-01T00:00:00",
    "Estado": "Pendiente",
    "Prioridad": "Alta"
  },
  {
    "IDOrdenPreparacion": "OP-0003",
    "IdCliente": "Cliente-1",
    "DescripcionCliente": "Descripción del Cliente 1",
    "Productos": [
      {
        "IdProducto": "Prod-1",
        "Cantidad": 11
      },
      {
        "IdProducto": "Prod-2",
        "Cantidad": 21
      }
    ],
    "FechaOrdenRecepcion": "2023-06-01T00:00:00",
    "Estado": "Pendiente",
    "Prioridad": "Alta"
  },
  {
    "IDOrdenPreparacion": "OP-0004",
    "IdCliente": "Cliente-1",
    "DescripcionCliente": "Descripción del Cliente 1",
    "Productos": [
      {
        "IdProducto": "Prod-1",
        "Cantidad": 11
      },
      {
        "IdProducto": "Prod-2",
        "Cantidad": 21
      }
    ],
    "FechaOrdenRecepcion": "2023-06-01T00:00:00",
    "Estado": "Pendiente",
    "Prioridad": "Alta"
  },
  {
    "IDOrdenPreparacion": "OP-0005",
    "IdCliente": "Cliente-1",
    "DescripcionCliente": "Descripción del Cliente 1",
    "Productos": [
      {
        "IdProducto": "Prod-1",
        "Cantidad": 11
      },
      {
        "IdProducto": "Prod-2",
        "Cantidad": 21
      }
    ],
    "FechaOrdenRecepcion": "2023-06-01T00:00:00",
    "Estado": "Pendiente",
    "Prioridad": "Alta"
  },
  {
    "IDOrdenPreparacion": "OP-0006",
    "IdCliente": "Cliente-1",
    "DescripcionCliente": "Descripción del Cliente 1",
    "Productos": [
      {
        "IdProducto": "Prod-1",
        "Cantidad": 11
      },
      {
        "IdProducto": "Prod-2",
        "Cantidad": 21
      }
    ],
    "FechaOrdenRecepcion": "2023-06-01T00:00:00",
    "Estado": "Pendiente",
    "Prioridad": "Alta"
  },
  {
    "IDOrdenPreparacion": "OP-0007",
    "IdCliente": "Cliente-1",
    "DescripcionCliente": "Descripción del Cliente 1",
    "Productos": [
      {
        "IdProducto": "Prod-1",
        "Cantidad": 11
      },
      {
        "IdProducto": "Prod-2",
        "Cantidad": 21
      }
    ],
    "FechaOrdenRecepcion": "2023-06-01T00:00:00",
    "Estado": "Pendiente",
    "Prioridad": "Alta"
  },
  {
    "IDOrdenPreparacion": "OP-0008",
    "IdCliente": "Cliente-1",
    "DescripcionCliente": "Descripción del Cliente 1",
    "Productos": [
      {
        "IdProducto": "Prod-1",
        "Cantidad": 11
      },
      {
        "IdProducto": "Prod-2",
        "Cantidad": 21
      }
    ],
    "FechaOrdenRecepcion": "2023-06-01T00:00:00",
    "Estado": "Pendiente",
    "Prioridad": "Alta"
  },
  {
    "IDOrdenPreparacion": "OP-0009",
    "IdCliente": "Cliente-1",
    "DescripcionCliente": "Descripción del Cliente 1",
    "Productos": [
      {
        "IdProducto": "Prod-1",
        "Cantidad": 11
      },
      {
        "IdProducto": "Prod-2",
        "Cantidad": 21
      }
    ],
    "FechaOrdenRecepcion": "2023-06-01T00:00:00",
    "Estado": "Pendiente",
    "Prioridad": "Alta"
  },
  {
    "IDOrdenPreparacion": "OP-0010",
    "IdCliente": "Cliente-1",
    "DescripcionCliente": "Descripción del Cliente 1",
    "Productos": [
      {
        "IdProducto": "Prod-1",
        "Cantidad": 11
      },
      {
        "IdProducto": "Prod-2",
        "Cantidad": 21
      }
    ],
    "FechaOrdenRecepcion": "2023-06-01T00:00:00",
    "Estado": "Pendiente",
    "Prioridad": "Alta"
  },
  {
    "IDOrdenPreparacion": "OP-0011",
    "IdCliente": "Cliente-1",
    "DescripcionCliente": "Descripción del Cliente 1",
    "Productos": [
      {
        "IdProducto": "Prod-1",
        "Cantidad": 11
      },
      {
        "IdProducto": "Prod-2",
        "Cantidad": 21
      }
    ],
    "FechaOrdenRecepcion": "2023-06-01T00:00:00",
    "Estado": "Pendiente",
    "Prioridad": "Alta"
  },
  {
    "IDOrdenPreparacion": "OP-0023",
    "IdCliente": "Cliente-2",
    "DescripcionCliente": "Descripción del Cliente 2",
    "Productos": [
      {
        "IdProducto": "Prod-3",
        "Cantidad": 12
      },
      {
        "IdProducto": "Prod-4",
        "Cantidad": 22
      }
    ],
    "FechaOrdenRecepcion": "2023-06-02T00:00:00",
    "Estado": "Pendiente",
    "Prioridad": "Media"
  },
  {
    "IDOrdenPreparacion": "OP-0101",
    "IdCliente": "Cliente-3",
    "DescripcionCliente": "Descripción del Cliente 3",
    "Productos": [
      {
        "IdProducto": "Prod-5",
        "Cantidad": 13
      },
      {
        "IdProducto": "Prod-6",
        "Cantidad": 23
      }
    ],
    "FechaOrdenRecepcion": "2023-06-03T00:00:00",
    "Estado": "EnSeleccion",
    "Prioridad": "Baja"
  },
  {
    "IDOrdenPreparacion": "OP-0123",
    "IdCliente": "Cliente-4",
    "DescripcionCliente": "Descripción del Cliente 4",
    "Productos": [
      {
        "IdProducto": "Prod-7",
        "Cantidad": 14
      },
      {
        "IdProducto": "Prod-8",
        "Cantidad": 24
      }
    ],
    "FechaOrdenRecepcion": "2023-06-04T00:00:00",
    "Estado": "EnSeleccion",
    "Prioridad": "Alta"
  },
  {
    "IDOrdenPreparacion": "OP-0145",
    "IdCliente": "Cliente-5",
    "DescripcionCliente": "Descripción del Cliente 5",
    "Productos": [
      {
        "IdProducto": "Prod-9",
        "Cantidad": 15
      },
      {
        "IdProducto": "Prod-10",
        "Cantidad": 25
      }
    ],
    "FechaOrdenRecepcion": "2023-06-05T00:00:00",
    "Estado": "Seleccionada",
    "Prioridad": "Media"
  },
  {
    "IDOrdenPreparacion": "OP-0167",
    "IdCliente": "Cliente-9",
    "DescripcionCliente": "Descripción del Cliente 9",
    "Productos": [
      {
        "IdProducto": "Prod-10",
        "Cantidad": 15
      },
      {
        "IdProducto": "Prod-1",
        "Cantidad": 25
      }
    ],
    "FechaOrdenRecepcion": "2023-06-05T00:00:00",
    "Estado": "Seleccionada",
    "Prioridad": "Media"
  },
  {
    "IDOrdenPreparacion": "OP-0189",
    "IdCliente": "Cliente-15",
    "DescripcionCliente": "Descripción del Cliente 15",
    "Productos": [
      {
        "IdProducto": "Prod-10",
        "Cantidad": 150
      },
      {
        "IdProducto": "Prod-1",
        "Cantidad": 125
      }
    ],
    "FechaOrdenRecepcion": "2023-06-05T00:00:00",
    "Estado": "Seleccionada",
    "Prioridad": "Media"
  }
]